comparison,method,DoF,runtime_seconds,err_inf,err_L2
best Spectral method,Spectral method,4,0.01576769999996941,2.7755575615628914e-15,1.4533036874578475e-17
best L1 finite difference,L1 finite difference,100000,0.01624549999996816,0.0438524659548335,0.0002061770400203478
closest runtime,Spectral method,4,0.01576769999996941,2.7755575615628914e-15,1.4533036874578475e-17
closest runtime,L1 finite difference,100000,0.01624549999996816,0.0438524659548335,0.0002061770400203478
closest DoF,Spectral method,32,0.15384070000004613,2.7755575615628914e-15,1.4533036874578475e-17
closest DoF,L1 finite difference,200,0.00029329999983929156,0.4920214222822347,0.02639549230170682
