comparison,method,DoF,runtime_seconds,err_inf,err_L2
best Spectral method,Spectral method,4,0.015946499999927255,2.3314683517128287e-15,1.6272931153279622e-17
best L1 finite difference,L1 finite difference,100000,0.016812800000025163,0.1276307396265718,0.0013634402682639985
closest runtime,Spectral method,4,0.015946499999927255,2.3314683517128287e-15,1.6272931153279622e-17
closest runtime,L1 finite difference,100000,0.016812800000025163,0.1276307396265718,0.0013634402682639985
closest DoF,Spectral method,32,0.15660949999983131,2.3314683517128287e-15,1.6272931153279622e-17
closest DoF,L1 finite difference,200,0.00036129999989498174,0.7218260207872407,0.10942234219138935
