family,case_id,best_l2_abs,best_l2_rel,best_l_inf,max_condition_number,max_relative_residual_norm
smooth_analytic,smooth_a035_eps1e-2,1.7074752898449268e-07,5.27078466513302e-07,2.1078477828173625e-06,1.2361594654047223,2.954387729890414e-16
smooth_analytic,smooth_a075_eps1e-3,3.0242847447805974e-07,2.8580352749170693e-06,6.180566167371393e-06,1.2427033687242528,2.4621594653004984e-16
trial_space_aligned,aligned_a045_eps1e-3,6.177641016016663e-05,9.105946209889067e-05,0.001192619984782456,1.0,0.0
trial_space_aligned,aligned_a080_eps1e-4,1.1090580084355592e-06,3.3254613841277426e-06,1.8374065965699737e-05,1.0,0.0
weak_endpoint_singularity,singular_a035_eps1e-2,0.000127530289174429,0.00013418497948455632,0.0041993258383596355,1.096332325420398,3.269947258262186e-16
weak_endpoint_singularity,singular_a075_eps5e-4,1.9025940617267026e-06,3.3458706112484456e-06,2.8750514049852294e-05,1.0980909494860378,3.7443601095041834e-16
