case_id,alpha,epsilon,l2_abs,l2_rel,l_inf
mlf_charge_a0p75,0.35,0.1,2.8718649553850324e-08,3.2032816229589975e-08,1.984295202595021e-07
mlf_charge_a1p50,0.65,0.01,6.198326363377247e-10,5.206858853603327e-10,3.594371467130486e-09
mlf_charge_small_eps,0.92,0.0001,8.61325637410106e-12,1.0770248019674062e-11,4.597588976196221e-11
mlf_discharge_a1p00,0.85,0.005,0.0,0.0,0.0
